M3C 0,43.7212,-79.351
M3H 0,43.7514,-79.4462
M3H 6,43.7992,-79.1464
M3M 0,43.7285,-79.4957
M3M 3,43.7286,-79.4867
M4B 0,43.7064,-79.3099
M4B 2,43.6891,-79.2875
M4B 3,43.7155,-79.3117
M4C 0,43.6906,-79.3126
M4C 1,43.6799,-79.322
M4C 3,43.68,-79.3221
M4C 4,43.6826,-79.3129
M4C 5,43.6888,-79.2969
M4E 0,43.6875,-79.2919
M4E 1,43.6676,-79.2955
M4E 2,43.6832,-79.295
M4E 3,43.67,-79.2902
M4G 0,43.7527,-79.3988
M4G 1,43.6967,-79.3725
M4G 2,43.697,-79.3717
M4G 3,43.6987,-79.3725
M4G 4,43.7077,-79.3569
M4H 0,43.7042,-79.3478
M4H 1,43.7066,-79.347
M4J 0,43.6853,-79.3381
M4J 1,43.6713,-79.3416
M4J 2,43.6808,-79.3445
M4J 3,43.6803,-79.342
M4J 4,43.6765,-79.3303
M4J 5,43.6758,-79.3284
M4K 0,43.6804,-79.3516
M4K 1,43.6662,-79.3528
M4K 2,43.6851,-79.3567
M4K 3,43.6779,-79.3506
M4L 0,43.7231,-79.3925
M4L 1,43.6616,-79.3294
M4L 2,43.6725,-79.3209
M4L 3,43.6706,-79.3197
M4L 4,43.6686,-79.3183
M4L 6,43.6675,-79.3104
M4M 0,43.6507,-79.3397
M4M 1,43.6498,-79.3385
M4M 2,43.6695,-79.3343
M4M 3,43.6663,-79.3343
M4N 0,43.7273,-79.3987
M4N 1,43.7169,-79.3992
M4N 2,43.7311,-79.3999
M4N 3,43.7216,-79.3887
M4P 0,43.6575,-79.3627
M4P 1,43.707,-79.3969
M4P 2,43.7134,-79.3941
M4P 3,43.7066,-79.3982
M4R 0,43.7136,-79.406
M4R 1,43.7066,-79.3989
M4R 2,43.7108,-79.405
M4S 0,43.7065,-79.3935
M4S 1,43.697,-79.3923
M4S 2,43.7013,-79.3972
M4S 3,43.6965,-79.3943
M4T 0,43.6898,-79.3872
M4T 1,43.6823,-79.39
M4T 2,43.6914,-79.3952
M4T 3,43.6661,-79.4993
M4V 0,43.6859,-79.4013
M4V 1,43.6781,-79.3984
M4V 2,43.6942,-79.397
M4V 3,43.6878,-79.3956
M4W 0,43.6721,-79.3786
M4W 1,43.6696,-79.39
M4W 2,43.6825,-79.3814
M4W 3,43.6733,-79.3687
M4X 0,43.6677,-79.3749
M4X 1,43.6645,-79.3707
M4Y 0,43.6575,-79.3627
M4Y 1,43.662,-79.3842
M4Y 2,43.6678,-79.3848
M4Y 3,43.7194,-79.3332
M5A 0,43.6843,-79.4496
M5A 1,43.6386,-79.3475
M5A 2,43.6588,-79.3694
M5A 3,43.6621,-79.367
M5A 4,43.6477,-79.3695
M5B 0,43.6577,-79.3786
M5B 1,43.6545,-79.3778
M5B 2,43.6604,-79.3787
M5C 0,43.6574,-79.3817
M5C 1,43.6494,-79.3773
M5C 2,43.6502,-79.377
M5C 3,43.6505,-79.3775
M5E 0,43.6503,-79.3717
M5E 1,43.6465,-79.3752
M5E 2,43.6436,-79.3757
M5E 3,43.646,-79.37
M5G 0,43.6455,-79.3831
M5G 1,43.6543,-79.3816
M5G 2,43.6582,-79.3859
M5G 3,43.6549,-79.3877
M5H 0,43.6506,-79.3846
M5H 1,43.6492,-79.378
M5H 2,43.6508,-79.3829
M5H 3,43.6505,-79.3846
M5H 4,43.6497,-79.3809
M5J 0,43.6405,-79.3888
M5J 1,43.6415,-79.3755
M5J 2,43.6803,-79.4756
M5J 3,43.6503,-79.3678
M5K 0,43.6472,-79.3816
M5K 1,43.6472,-79.3816
M5K 2,43.6472,-79.3816
M5L 0,43.6523,-79.3868
M5L 1,43.6489,-79.3788
M5L 2,43.6482,-79.3798
M5M 0,43.7352,-79.4182
M5M 1,43.7251,-79.4023
M5M 2,43.7339,-79.4046
M5M 3,43.7249,-79.4036
M5M 4,43.7397,-79.4231
M5N 0,43.71,-79.4173
M5N 1,43.7046,-79.4086
M5N 2,43.7047,-79.4087
M5N 3,43.7066,-79.4246
M5P 0,43.6965,-79.4117
M5P 1,43.6981,-79.3987
M5P 2,43.7008,-79.4197
M5P 3,43.6949,-79.4178
M5R 0,43.6721,-79.3901
M5R 1,43.6699,-79.3931
M5R 2,43.6819,-79.4172
M5R 3,43.6823,-79.4147
M5S 0,43.6692,-79.3915
M5S 1,43.6615,-79.3963
M5S 2,43.6649,-79.3873
M5S 3,43.6695,-79.39
M5T 0,43.6533,-79.3972
M5T 1,43.6496,-79.3956
M5T 2,43.6506,-79.395
M5T 3,43.6591,-79.3939
M5V 0,43.6454,-79.3884
M5V 1,43.6416,-79.3975
M5V 2,43.6498,-79.3923
M5V 3,43.6341,-79.3995
M5V 4,43.6408,-79.3979
M5V 9,43.646,-79.3923
M5W 0,43.6464,-79.3748
M5W 1,43.6438,-79.3787
M5W 2,43.6439,-79.3787
M5W 3,43.6466,-79.3761
M5W 4,43.6468,-79.3761
M5W 5,43.6464,-79.3748
M5W 6,43.6464,-79.3749
M5W 7,43.6464,-79.3749
M5X 0,43.6486,-79.3817
M5X 1,43.6493,-79.3823
M5X 2,43.6484,-79.3823
M6A 0,43.7185,-79.4648
M6A 1,43.736,-79.4363
M6A 3,43.7602,-79.2273
M6B 0,43.706,-79.4282
M6B 1,43.7054,-79.4274
M6B 2,43.7043,-79.4261
M6B 3,43.7054,-79.4279
M6B 4,43.7121,-79.4512
M6C 0,43.6919,-79.4304
M6C 1,43.6828,-79.42
M6C 2,43.7008,-79.4263
M6C 3,43.703,-79.4287
M6C 4,43.6815,-79.4267
M6E 0,43.689,-79.4535
M6E 1,43.6794,-79.4364
M6E 2,43.6983,-79.4421
M6E 3,43.6793,-79.4375
M6E 4,43.6817,-79.448
M6E 5,43.6769,-79.4514
M6G 0,43.6695,-79.4226
M6G 1,43.6563,-79.4084
M6G 2,43.6744,-79.4203
M6G 3,43.6786,-79.4233
M6G 4,43.6636,-79.4183
M6H 0,43.669,-79.4423
M6H 1,43.654,-79.4245
M6H 2,43.6689,-79.4367
M6H 3,43.6642,-79.4317
M6H 4,43.6537,-79.4422
M6J 0,43.6412,-79.4232
M6J 1,43.6438,-79.4067
M6J 2,43.6512,-79.4204
M6J 3,43.6497,-79.4207
M6K 0,43.6407,-79.4147
M6K 1,43.639,-79.4093
M6K 2,43.6432,-79.429
M6K 3,43.6366,-79.4385
M6L 0,43.714,-79.4848
M6L 2,43.7088,-79.4781
M6L 3,43.717,-79.5024
M6M 0,43.6932,-79.4792
M6M 3,43.6827,-79.4644
M6M 4,43.7044,-79.4771
M6M 5,43.6742,-79.5034
M6N 0,43.6732,-79.4873
M6N 1,43.668,-79.4511
M6N 2,43.6812,-79.4692
M6N 3,43.671,-79.4613
M6N 4,43.6824,-79.4916
M6N 5,43.6703,-79.4798
M6P 0,43.6616,-79.4648
M6P 1,43.6558,-79.4662
M6P 2,43.6655,-79.4733
M6P 3,43.6582,-79.4756
M6P 4,43.6647,-79.4566
M6P 5,43.6616,-79.4648
M6R 0,43.6479,-79.446
M6R 1,43.6403,-79.4374
M6R 2,43.654,-79.4573
M6R 3,43.6561,-79.4525
M6S 0,43.6516,-79.4844
M6S 1,43.6357,-79.4671
M6S 2,43.6582,-79.4794
M6S 3,43.6634,-79.4812
M6S 4,43.6386,-79.4777
M6S 5,43.6373,-79.47
M7A 0,43.6623,-79.3895
M7A 1,43.6607,-79.3903
M7A 2,43.6375,-79.3987
M7Y 2,43.6642,-79.3137
M7Y 3,43.6643,-79.3137
M7Y 4,43.6644,-79.3137
M7Y 5,43.6644,-79.3137
M7Y 6,43.6644,-79.3137
M7Y 7,43.6645,-79.3137
M7Y 8,43.6645,-79.3137
M7Y 9,43.6645,-79.3137
M8Z 0,43.6206,-79.5281
M9M 0,43.7248,-79.5322
M9M 3,43.7506,-79.5615
M9N 2,43.7025,-79.5155
